order_id,order_date,customer_id,customer_name,arrival_scan_date,total_delivery_time,order_weekday,order_time_hours,order_time_days
CA-2019-145625,2019-09-11,KC-16540,Kelly Collister,2019-09-23,12,Wednesday,288.0,12.0
CA-2019-162138,2019-04-23,GK-14620,Grace Kelly,2019-05-06,13,Tuesday,312.0,13.0
CA-2019-169166,2019-05-09,SS-20590,Sonia Sunley,2019-05-20,11,Thursday,264.0,11.0
CA-2020-131954,2020-01-21,DS-13030,Darrin Sayre,2020-02-03,13,Tuesday,312.0,13.0
CA-2019-102981,2019-09-06,MO-17500,Mary O'Rourke,2019-09-16,10,Friday,240.0,10.0
CA-2019-168081,2019-04-24,CA-12055,Cathy Armstrong,2019-05-06,12,Wednesday,288.0,12.0
CA-2019-119186,2019-05-26,MS-17710,Maurice Satty,2019-05-31,5,Sunday,120.0,5.0
CA-2019-124485,2019-11-24,NC-18340,Nat Carroll,2019-12-02,8,Sunday,192.0,8.0
CA-2020-115994,2020-01-28,BT-11305,Beth Thompson,2020-02-06,9,Tuesday,216.0,9.0
CA-2019-106530,2019-05-08,CL-12565,Clay Ludtke,2019-05-13,5,Wednesday,120.0,5.0
CA-2019-128531,2019-11-24,NS-18505,Neola Schneider,2019-12-03,9,Sunday,216.0,9.0
CA-2019-128531,2019-11-24,NS-18505,Neola Schneider,2019-12-03,9,Sunday,216.0,9.0
CA-2020-117870,2020-01-27,JH-15820,John Huston,2020-02-06,10,Monday,240.0,10.0
CA-2020-140949,2020-03-17,DB-13405,Denny Blanton,2020-03-30,13,Tuesday,312.0,13.0
CA-2020-140949,2020-03-17,DB-13405,Denny Blanton,2020-03-30,13,Tuesday,312.0,13.0
CA-2019-124506,2019-11-11,BB-11545,Brenda Bowman,2019-11-25,14,Monday,336.0,14.0
CA-2020-104801,2020-02-13,FH-14350,Fred Harton,2020-02-24,11,Thursday,264.0,11.0
CA-2019-147536,2019-12-26,AR-10510,Andrew Roberts,2020-01-06,11,Thursday,264.0,11.0
CA-2020-125115,2020-04-10,RD-19930,Russell D'Ascenzo,2020-04-14,4,Friday,96.0,4.0
CA-2019-168536,2019-12-20,SC-20800,Stuart Calhoun,2019-12-30,10,Friday,240.0,10.0
CA-2019-137673,2019-09-05,ML-17395,Marina Lichtenstein,2019-09-16,11,Thursday,264.0,11.0
US-2019-131674,2019-11-29,NC-18535,Nick Crebassa,2019-12-10,11,Friday,264.0,11.0
CA-2019-156503,2019-10-14,NC-18415,Nathan Cano,2019-10-28,14,Monday,336.0,14.0
US-2019-163881,2019-11-24,SP-20860,Sung Pak,2019-12-06,12,Sunday,288.0,12.0
US-2019-163881,2019-11-24,SP-20860,Sung Pak,2019-12-06,12,Sunday,288.0,12.0
CA-2019-111493,2019-10-21,CM-12160,Charles McCrossin,2019-10-28,7,Monday,168.0,7.0
US-2019-169369,2019-12-12,EC-14050,Erin Creighton,2019-12-24,12,Thursday,288.0,12.0
CA-2020-162033,2020-03-26,EM-14200,Evan Minnotte,2020-04-07,12,Thursday,288.0,12.0
CA-2020-123085,2020-03-03,EJ-13720,Ed Jacobs,2020-03-16,13,Tuesday,312.0,13.0
CA-2019-109827,2019-12-25,LW-16825,Laurel Workman,2020-01-07,13,Wednesday,312.0,13.0
CA-2019-109827,2019-12-25,LW-16825,Laurel Workman,2020-01-07,13,Wednesday,312.0,13.0
CA-2020-125381,2020-04-25,SG-20605,Speros Goranitis,2020-05-08,13,Saturday,312.0,13.0
CA-2019-138667,2019-12-27,MW-18220,Mitch Webber,2020-01-06,10,Friday,240.0,10.0
CA-2019-108224,2019-05-14,TH-21235,Tiffany House,2019-05-20,6,Tuesday,144.0,6.0
CA-2020-140802,2020-04-21,KN-16390,Katherine Nockton,2020-04-27,6,Tuesday,144.0,6.0
CA-2019-148684,2019-12-25,TS-21655,Trudy Schmidt,2020-01-06,12,Wednesday,288.0,12.0
CA-2019-143154,2019-12-02,AS-10225,Alan Schoenberger,2019-12-16,14,Monday,336.0,14.0
CA-2019-118311,2019-10-24,ED-13885,Emily Ducich,2019-11-04,11,Thursday,264.0,11.0
CA-2019-157280,2019-11-05,LW-17125,Liz Willingham,2019-11-11,6,Tuesday,144.0,6.0
CA-2019-129280,2019-05-03,SM-20905,Susan MacKendrick,2019-05-13,10,Friday,240.0,10.0
CA-2019-129280,2019-05-03,SM-20905,Susan MacKendrick,2019-05-13,10,Friday,240.0,10.0
CA-2020-161893,2020-01-23,HP-14815,Harold Pawlan,2020-02-03,11,Thursday,264.0,11.0
CA-2019-108210,2019-05-30,AT-10735,Annie Thurman,2019-06-03,4,Thursday,96.0,4.0
CA-2020-113278,2020-01-14,HR-14770,Hallie Redmond,2020-01-27,13,Tuesday,312.0,13.0
CA-2020-113278,2020-01-14,HR-14770,Hallie Redmond,2020-01-27,13,Tuesday,312.0,13.0
CA-2019-125794,2019-09-29,ML-17410,Maris LaWare,2019-10-11,12,Sunday,288.0,12.0
CA-2019-112697,2019-12-18,AH-10195,Alan Haines,2019-12-27,9,Wednesday,216.0,9.0
CA-2019-109869,2019-04-22,TN-21040,Tanja Norvell,2019-05-07,15,Monday,360.0,15.0
US-2019-146710,2019-08-27,SS-20875,Sung Shariari,2019-09-09,13,Tuesday,312.0,13.0
US-2019-146710,2019-08-27,SS-20875,Sung Shariari,2019-09-09,13,Tuesday,312.0,13.0
CA-2019-161669,2019-11-07,EM-14095,Eudokia Martin,2019-11-18,11,Thursday,264.0,11.0
CA-2019-115588,2019-11-10,AF-10885,Art Foster,2019-11-18,8,Sunday,192.0,8.0
CA-2019-102932,2019-09-19,SD-20485,Shirley Daniels,2019-09-30,11,Thursday,264.0,11.0
CA-2019-156503,2019-10-14,NC-18415,Nathan Cano,2019-10-28,14,Monday,336.0,14.0
CA-2019-158435,2019-05-17,AG-10900,Arthur Gainer,2019-05-27,10,Friday,240.0,10.0
CA-2019-110730,2019-09-23,CM-11815,Candace McMahon,2019-10-03,10,Monday,240.0,10.0
CA-2019-123120,2019-09-04,CV-12295,Christina VanderZanden,2019-09-16,12,Wednesday,288.0,12.0
CA-2019-109666,2019-04-19,KM-16720,Kunst Miller,2019-05-03,14,Friday,336.0,14.0
CA-2019-109666,2019-04-19,KM-16720,Kunst Miller,2019-05-03,14,Friday,336.0,14.0
CA-2019-105732,2019-09-13,AG-10270,Alejandro Grove,2019-09-25,12,Friday,288.0,12.0
CA-2019-134208,2019-09-17,CS-12505,Cindy Stewart,2019-09-26,9,Tuesday,216.0,9.0
CA-2019-107202,2019-05-21,LC-16930,Linda Cazamias,2019-06-03,13,Tuesday,312.0,13.0
CA-2020-134845,2020-04-17,SR-20425,Sharelle Roach,2020-04-30,13,Friday,312.0,13.0
CA-2019-160535,2019-11-25,BP-11050,Barry Pond,2019-12-09,14,Monday,336.0,14.0
CA-2019-148852,2019-05-26,SV-20785,Stewart Visinsky,2019-06-10,15,Sunday,360.0,15.0
CA-2019-109827,2019-12-25,LW-16825,Laurel Workman,2020-01-07,13,Wednesday,312.0,13.0
CA-2019-159023,2019-11-03,NW-18400,Natalie Webber,2019-11-11,8,Sunday,192.0,8.0
CA-2019-129280,2019-05-03,SM-20905,Susan MacKendrick,2019-05-13,10,Friday,240.0,10.0
CA-2019-105284,2019-11-24,MG-17650,Matthew Grinstein,2019-12-09,15,Sunday,360.0,15.0
CA-2019-128531,2019-11-24,NS-18505,Neola Schneider,2019-12-03,9,Sunday,216.0,9.0
CA-2019-118052,2019-05-06,BE-11455,Brad Eason,2019-05-15,9,Monday,216.0,9.0
CA-2019-160129,2019-11-23,LS-17200,Luke Schmidt,2019-11-29,6,Saturday,144.0,6.0
CA-2020-168123,2020-03-05,JD-16060,Julia Dunbar,2020-03-09,4,Thursday,96.0,4.0
CA-2019-151372,2019-09-05,JH-15985,Joseph Holt,2019-09-10,5,Thursday,120.0,5.0
CA-2019-149195,2019-09-05,DM-13525,Don Miller,2019-09-13,8,Thursday,192.0,8.0
CA-2020-136007,2020-02-23,AC-10615,Ann Chong,2020-03-03,9,Sunday,216.0,9.0
CA-2020-162033,2020-03-26,EM-14200,Evan Minnotte,2020-04-07,12,Thursday,288.0,12.0
CA-2019-148852,2019-05-26,SV-20785,Stewart Visinsky,2019-06-10,15,Sunday,360.0,15.0
US-2019-117037,2019-05-17,LW-17215,Luke Weiss,2019-05-27,10,Friday,240.0,10.0
CA-2019-139808,2019-10-07,MC-18100,Mick Crebagga,2019-10-21,14,Monday,336.0,14.0
CA-2020-113278,2020-01-14,HR-14770,Hallie Redmond,2020-01-27,13,Tuesday,312.0,13.0
CA-2019-149223,2019-09-06,ER-13855,Elpida Rittenbach,2019-09-17,11,Friday,264.0,11.0
CA-2019-112697,2019-12-18,AH-10195,Alan Haines,2019-12-27,9,Wednesday,216.0,9.0
CA-2019-109869,2019-04-22,TN-21040,Tanja Norvell,2019-05-07,15,Monday,360.0,15.0
CA-2019-112389,2019-10-29,JM-15655,Jim Mitchum,2019-11-11,13,Tuesday,312.0,13.0
CA-2019-169943,2019-05-19,BN-11515,Bradley Nguyen,2019-06-03,15,Sunday,360.0,15.0
CA-2019-124352,2019-10-15,CD-12790,Cynthia Delaney,2019-10-28,13,Tuesday,312.0,13.0
CA-2019-134376,2019-10-02,TT-21265,Tim Taslimi,2019-10-14,12,Wednesday,288.0,12.0
CA-2019-131499,2019-09-08,MG-17875,Michael Grace,2019-09-16,8,Sunday,192.0,8.0
CA-2020-141733,2020-05-07,RW-19540,Rick Wilson,2020-05-15,8,Thursday,192.0,8.0
CA-2019-158575,2019-11-18,SB-20290,Sean Braxton,2019-12-02,14,Monday,336.0,14.0
CA-2019-156811,2019-10-27,BP-11095,Bart Pistole,2019-11-11,15,Sunday,360.0,15.0
CA-2020-155824,2020-03-10,KS-16300,Karen Seio,2020-03-23,13,Tuesday,312.0,13.0
CA-2019-158694,2019-11-10,AI-10855,Arianne Irving,2019-11-18,8,Sunday,192.0,8.0
CA-2019-122017,2019-12-29,CD-11920,Carlos Daly,2020-01-10,12,Sunday,288.0,12.0
CA-2019-145492,2019-11-20,MC-17605,Matt Connell,2019-12-02,12,Wednesday,288.0,12.0
CA-2019-149783,2019-09-04,DL-13315,Delfina Latchford,2019-09-16,12,Wednesday,288.0,12.0
CA-2020-144680,2020-03-31,SC-20260,Scott Cohen,2020-04-08,8,Tuesday,192.0,8.0
CA-2019-130442,2019-12-16,SF-20065,Sandra Flanagan,2019-12-23,7,Monday,168.0,7.0
CA-2019-116526,2019-09-01,JA-15970,Joseph Airdo,2019-09-12,11,Sunday,264.0,11.0
CA-2019-123337,2019-09-16,KD-16495,Keith Dawkins,2019-09-27,11,Monday,264.0,11.0
CA-2019-105732,2019-09-13,AG-10270,Alejandro Grove,2019-09-25,12,Friday,288.0,12.0
CA-2019-138282,2019-05-19,AH-10690,Anna HÃ¤berlin,2019-05-31,12,Sunday,288.0,12.0
US-2020-138086,2020-04-16,JO-15550,Jesus Ocampo,2020-04-27,11,Thursday,264.0,11.0
CA-2019-113978,2019-09-25,TS-21505,Tony Sayre,2019-10-07,12,Wednesday,288.0,12.0
CA-2019-145611,2019-09-20,HA-14905,Helen Abelman,2019-09-30,10,Friday,240.0,10.0
CA-2019-130393,2019-12-01,JM-15865,John Murray,2019-12-09,8,Sunday,192.0,8.0
CA-2019-142594,2019-12-01,EJ-14155,Eva Jacobs,2019-12-13,12,Sunday,288.0,12.0
CA-2019-147256,2019-10-17,FC-14245,Frank Carlisle,2019-10-28,11,Thursday,264.0,11.0
US-2019-144057,2019-05-09,CV-12805,Cynthia Voltz,2019-05-20,11,Thursday,264.0,11.0
CA-2019-143406,2019-09-26,LR-17035,Lisa Ryan,2019-10-07,11,Thursday,264.0,11.0
CA-2020-140515,2020-03-19,GZ-14545,George Zrebassa,2020-03-30,11,Thursday,264.0,11.0
US-2020-104451,2020-05-08,MM-18055,Michelle Moray,2020-05-15,7,Friday,168.0,7.0
CA-2019-161816,2019-04-28,NB-18655,Nona Balk,2019-05-07,9,Sunday,216.0,9.0
US-2019-150861,2019-12-03,EG-13900,Emily Grady,2019-12-09,6,Tuesday,144.0,6.0
CA-2019-161669,2019-11-07,EM-14095,Eudokia Martin,2019-11-18,11,Thursday,264.0,11.0
CA-2020-135279,2020-04-09,BS-11800,Bryan Spruell,2020-04-17,8,Thursday,192.0,8.0
CA-2020-135279,2020-04-09,BS-11800,Bryan Spruell,2020-04-17,8,Thursday,192.0,8.0
CA-2019-123722,2019-09-25,NH-18610,Nicole Hansen,2019-10-07,12,Wednesday,288.0,12.0
CA-2020-140949,2020-03-17,DB-13405,Denny Blanton,2020-03-30,13,Tuesday,312.0,13.0
CA-2020-140949,2020-03-17,DB-13405,Denny Blanton,2020-03-30,13,Tuesday,312.0,13.0
CA-2019-149482,2019-11-14,RR-19315,Ralph Ritter,2019-11-25,11,Thursday,264.0,11.0
CA-2019-124352,2019-10-15,CD-12790,Cynthia Delaney,2019-10-28,13,Tuesday,312.0,13.0
CA-2019-124352,2019-10-15,CD-12790,Cynthia Delaney,2019-10-28,13,Tuesday,312.0,13.0
US-2019-165078,2019-11-05,MA-17995,Michelle Arnett,2019-11-18,13,Tuesday,312.0,13.0
CA-2019-116232,2019-09-22,AC-10450,Amy Cox,2019-10-04,12,Sunday,288.0,12.0
CA-2019-158435,2019-05-17,AG-10900,Arthur Gainer,2019-05-27,10,Friday,240.0,10.0
CA-2019-145898,2019-09-26,CM-12445,Chuck Magee,2019-10-01,5,Thursday,120.0,5.0
CA-2019-143441,2019-11-05,EB-14170,Evan Bailliet,2019-11-11,6,Tuesday,144.0,6.0
CA-2019-149685,2019-10-08,PM-19135,Peter McVee,2019-10-21,13,Tuesday,312.0,13.0
CA-2019-116764,2019-08-27,EM-13825,Elizabeth Moffitt,2019-09-09,13,Tuesday,312.0,13.0
CA-2019-105732,2019-09-13,AG-10270,Alejandro Grove,2019-09-25,12,Friday,288.0,12.0
CA-2019-104311,2019-05-02,AS-10090,Adam Shillingsburg,2019-05-13,11,Thursday,264.0,11.0
CA-2019-111605,2019-12-27,JW-15955,Joni Wasserman,2020-01-08,12,Friday,288.0,12.0
CA-2019-129280,2019-05-03,SM-20905,Susan MacKendrick,2019-05-13,10,Friday,240.0,10.0
CA-2019-130638,2019-05-16,SC-20095,Sanjit Chand,2019-05-27,11,Thursday,264.0,11.0
CA-2019-162733,2019-05-11,TT-21070,Ted Trevino,2019-05-20,9,Saturday,216.0,9.0
CA-2019-145625,2019-09-11,KC-16540,Kelly Collister,2019-09-23,12,Wednesday,288.0,12.0
CA-2019-130001,2019-04-23,HK-14890,Heather Kirkland,2019-05-03,10,Tuesday,240.0,10.0
US-2019-105578,2019-05-30,MY-17380,Maribeth Yedwab,2019-06-10,11,Thursday,264.0,11.0
CA-2020-127432,2020-01-22,AD-10180,Alan Dominguez,2020-02-03,12,Wednesday,288.0,12.0
CA-2019-121223,2019-09-11,GD-14590,Giulietta Dortch,2019-09-19,8,Wednesday,192.0,8.0
US-2019-150861,2019-12-03,EG-13900,Emily Grady,2019-12-09,6,Tuesday,144.0,6.0
US-2019-146710,2019-08-27,SS-20875,Sung Shariari,2019-09-09,13,Tuesday,312.0,13.0
US-2019-146710,2019-08-27,SS-20875,Sung Shariari,2019-09-09,13,Tuesday,312.0,13.0
CA-2020-135279,2020-04-09,BS-11800,Bryan Spruell,2020-04-17,8,Thursday,192.0,8.0
CA-2020-135279,2020-04-09,BS-11800,Bryan Spruell,2020-04-17,8,Thursday,192.0,8.0
CA-2019-109820,2019-11-20,AG-10390,Allen Goldenen,2019-11-25,5,Wednesday,120.0,5.0
CA-2019-152814,2019-04-28,EH-14005,Erica Hernandez,2019-05-10,12,Sunday,288.0,12.0
CA-2019-119186,2019-05-26,MS-17710,Maurice Satty,2019-05-31,5,Sunday,120.0,5.0
CA-2019-119186,2019-05-26,MS-17710,Maurice Satty,2019-05-31,5,Sunday,120.0,5.0
CA-2020-100524,2020-03-31,CM-12115,Chad McGuire,2020-04-07,7,Tuesday,168.0,7.0
CA-2019-145247,2019-05-05,ND-18370,Natalie DeCherney,2019-05-10,5,Sunday,120.0,5.0
CA-2019-124485,2019-11-24,NC-18340,Nat Carroll,2019-12-02,8,Sunday,192.0,8.0
CA-2019-124485,2019-11-24,NC-18340,Nat Carroll,2019-12-02,8,Sunday,192.0,8.0
US-2019-108455,2019-12-02,MK-18160,Mike Kennedy,2019-12-16,14,Monday,336.0,14.0
US-2019-108455,2019-12-02,MK-18160,Mike Kennedy,2019-12-16,14,Monday,336.0,14.0
CA-2019-154403,2019-05-23,AP-10720,Anne Pryor,2019-06-03,11,Thursday,264.0,11.0
US-2019-118780,2019-09-10,PN-18775,Parhena Norris,2019-09-23,13,Tuesday,312.0,13.0
CA-2019-106530,2019-05-08,CL-12565,Clay Ludtke,2019-05-13,5,Wednesday,120.0,5.0
CA-2019-106530,2019-05-08,CL-12565,Clay Ludtke,2019-05-13,5,Wednesday,120.0,5.0
CA-2019-128531,2019-11-24,NS-18505,Neola Schneider,2019-12-03,9,Sunday,216.0,9.0
US-2020-158512,2020-01-12,DA-13450,Dianna Arnett,2020-01-27,15,Sunday,360.0,15.0
CA-2019-100083,2019-11-24,CD-11980,Carol Darley,2019-12-09,15,Sunday,360.0,15.0
CA-2019-145905,2019-09-18,AM-10705,Anne McFarland,2019-09-30,12,Wednesday,288.0,12.0
CA-2019-125738,2019-10-15,PB-18805,Patrick Bzostek,2019-10-28,13,Tuesday,312.0,13.0
CA-2019-125738,2019-10-15,PB-18805,Patrick Bzostek,2019-10-28,13,Tuesday,312.0,13.0
CA-2019-125738,2019-10-15,PB-18805,Patrick Bzostek,2019-10-28,13,Tuesday,312.0,13.0
CA-2019-112676,2019-05-05,PJ-18835,Patrick Jones,2019-05-14,9,Sunday,216.0,9.0
CA-2019-118052,2019-05-06,BE-11455,Brad Eason,2019-05-15,9,Monday,216.0,9.0
CA-2019-124352,2019-10-15,CD-12790,Cynthia Delaney,2019-10-28,13,Tuesday,312.0,13.0
CA-2019-124051,2019-12-29,KA-16525,Kelly Andreada,2020-01-06,8,Sunday,192.0,8.0
US-2019-144211,2019-08-28,CS-12130,Chad Sievert,2019-09-09,12,Wednesday,288.0,12.0
CA-2020-134845,2020-04-17,SR-20425,Sharelle Roach,2020-04-30,13,Friday,312.0,13.0
CA-2019-138695,2019-05-28,KC-16675,Kimberly Carter,2019-06-10,13,Tuesday,312.0,13.0
CA-2019-100244,2019-09-20,GM-14695,Greg Maxwell,2019-09-30,10,Friday,240.0,10.0
CA-2019-100244,2019-09-20,GM-14695,Greg Maxwell,2019-09-30,10,Friday,240.0,10.0
CA-2019-131289,2019-12-08,SP-20620,Stefania Perrino,2019-12-23,15,Sunday,360.0,15.0
CA-2020-125115,2020-04-10,RD-19930,Russell D'Ascenzo,2020-04-14,4,Friday,96.0,4.0
CA-2020-168193,2020-03-06,RM-19750,Roland Murray,2020-03-20,14,Friday,336.0,14.0
CA-2019-156503,2019-10-14,NC-18415,Nathan Cano,2019-10-28,14,Monday,336.0,14.0
CA-2019-156503,2019-10-14,NC-18415,Nathan Cano,2019-10-28,14,Monday,336.0,14.0
CA-2019-133144,2019-05-16,DO-13435,Denny Ordway,2019-05-27,11,Thursday,264.0,11.0
CA-2019-140417,2019-09-25,KE-16420,Katrina Edelman,2019-10-07,12,Wednesday,288.0,12.0
CA-2019-127642,2019-05-21,CP-12340,Christine Phan,2019-05-27,6,Tuesday,144.0,6.0
CA-2019-100041,2019-11-20,BF-10975,Barbara Fisher,2019-12-02,12,Wednesday,288.0,12.0
CA-2019-100041,2019-11-20,BF-10975,Barbara Fisher,2019-12-02,12,Wednesday,288.0,12.0
US-2019-148901,2019-05-14,MK-17905,Michael Kennedy,2019-05-27,13,Tuesday,312.0,13.0
CA-2019-111696,2019-05-08,TB-21625,Trudy Brown,2019-05-13,5,Wednesday,120.0,5.0
CA-2019-151372,2019-09-05,JH-15985,Joseph Holt,2019-09-10,5,Thursday,120.0,5.0
CA-2019-164896,2019-11-07,PS-19045,Penelope Sewall,2019-11-18,11,Thursday,264.0,11.0
CA-2019-149279,2019-04-24,CL-12700,Craig Leslie,2019-05-06,12,Wednesday,288.0,12.0
CA-2019-158694,2019-11-10,AI-10855,Arianne Irving,2019-11-18,8,Sunday,192.0,8.0
CA-2019-158694,2019-11-10,AI-10855,Arianne Irving,2019-11-18,8,Sunday,192.0,8.0
CA-2019-145898,2019-09-26,CM-12445,Chuck Magee,2019-10-01,5,Thursday,120.0,5.0
US-2019-169369,2019-12-12,EC-14050,Erin Creighton,2019-12-24,12,Thursday,288.0,12.0
CA-2019-149195,2019-09-05,DM-13525,Don Miller,2019-09-13,8,Thursday,192.0,8.0
CA-2019-149195,2019-09-05,DM-13525,Don Miller,2019-09-13,8,Thursday,192.0,8.0
US-2019-162026,2019-10-08,JE-15745,Joel Eaton,2019-10-14,6,Tuesday,144.0,6.0
CA-2019-141551,2019-09-24,BP-11230,Benjamin Patterson,2019-10-07,13,Tuesday,312.0,13.0
CA-2019-149783,2019-09-04,DL-13315,Delfina Latchford,2019-09-16,12,Wednesday,288.0,12.0
CA-2019-101525,2019-05-01,CM-12235,Chris McAfee,2019-05-13,12,Wednesday,288.0,12.0
CA-2019-101525,2019-05-01,CM-12235,Chris McAfee,2019-05-13,12,Wednesday,288.0,12.0
CA-2019-133935,2019-09-18,JW-15220,Jane Waco,2019-09-30,12,Wednesday,288.0,12.0
US-2019-142251,2019-10-31,FO-14305,Frank Olsen,2019-11-11,11,Thursday,264.0,11.0
CA-2019-143714,2019-05-23,CC-12370,Christopher Conant,2019-06-03,11,Thursday,264.0,11.0
CA-2019-161543,2019-05-10,RD-19720,Roger Demir,2019-05-22,12,Friday,288.0,12.0
CA-2019-169887,2019-10-22,MS-17530,MaryBeth Skach,2019-10-28,6,Tuesday,144.0,6.0
CA-2019-148852,2019-05-26,SV-20785,Stewart Visinsky,2019-06-10,15,Sunday,360.0,15.0
US-2019-155103,2019-12-02,JF-15190,Jamie Frazer,2019-12-16,14,Monday,336.0,14.0
CA-2019-119018,2019-11-04,CW-11905,Carl Weiss,2019-11-18,14,Monday,336.0,14.0
US-2019-159093,2019-05-09,RS-19420,Ricardo Sperren,2019-05-21,12,Thursday,288.0,12.0
CA-2020-149076,2020-01-14,SO-20335,Sean O'Donnell,2020-01-27,13,Tuesday,312.0,13.0
US-2019-157840,2019-12-20,MC-17575,Matt Collins,2019-12-30,10,Friday,240.0,10.0
CA-2019-147473,2019-05-30,NL-18310,Nancy Lomonaco,2019-06-07,8,Thursday,192.0,8.0
CA-2019-114209,2019-05-21,AS-10285,Alejandro Savely,2019-06-03,13,Tuesday,312.0,13.0
CA-2019-105732,2019-09-13,AG-10270,Alejandro Grove,2019-09-25,12,Friday,288.0,12.0
CA-2019-105732,2019-09-13,AG-10270,Alejandro Grove,2019-09-25,12,Friday,288.0,12.0
CA-2020-140802,2020-04-21,KN-16390,Katherine Nockton,2020-04-27,6,Tuesday,144.0,6.0
CA-2020-104885,2020-03-02,DB-13555,Dorothy Badders,2020-03-16,14,Monday,336.0,14.0
CA-2019-165673,2019-05-15,MN-17935,Michael Nguyen,2019-05-27,12,Wednesday,288.0,12.0
US-2019-117037,2019-05-17,LW-17215,Luke Weiss,2019-05-27,10,Friday,240.0,10.0
CA-2019-136994,2019-05-27,LS-17245,Lynn Smith,2019-06-10,14,Monday,336.0,14.0
CA-2019-148684,2019-12-25,TS-21655,Trudy Schmidt,2020-01-06,12,Wednesday,288.0,12.0
CA-2020-124716,2020-03-27,BD-11560,Brendan Dodson,2020-04-06,10,Friday,240.0,10.0
CA-2020-124716,2020-03-27,BD-11560,Brendan Dodson,2020-04-06,10,Friday,240.0,10.0
CA-2020-124716,2020-03-27,BD-11560,Brendan Dodson,2020-04-06,10,Friday,240.0,10.0
CA-2019-156748,2019-11-30,BS-11755,Bruce Stewart,2019-12-06,6,Saturday,144.0,6.0
CA-2019-156748,2019-11-30,BS-11755,Bruce Stewart,2019-12-06,6,Saturday,144.0,6.0
CA-2019-134110,2019-11-17,BG-11035,Barry Gonzalez,2019-11-25,8,Sunday,192.0,8.0
CA-2019-153185,2019-09-03,MH-17620,Matt Hagelstein,2019-09-16,13,Tuesday,312.0,13.0
US-2019-144057,2019-05-09,CV-12805,Cynthia Voltz,2019-05-20,11,Thursday,264.0,11.0
CA-2020-122763,2020-03-20,HG-14845,Harry Greene,2020-03-23,3,Friday,72.0,3.0
CA-2020-122763,2020-03-20,HG-14845,Harry Greene,2020-03-23,3,Friday,72.0,3.0
CA-2019-117583,2019-11-27,CB-12025,Cassandra Brandow,2019-12-09,12,Wednesday,288.0,12.0
CA-2019-117583,2019-11-27,CB-12025,Cassandra Brandow,2019-12-09,12,Wednesday,288.0,12.0
CA-2020-113278,2020-01-14,HR-14770,Hallie Redmond,2020-01-27,13,Tuesday,312.0,13.0
CA-2019-100587,2019-12-10,SL-20155,Sara Luxemburg,2019-12-23,13,Tuesday,312.0,13.0
CA-2019-117590,2019-12-08,GH-14485,Gene Hale,2019-12-16,8,Sunday,192.0,8.0
CA-2019-114489,2019-12-05,JE-16165,Justin Ellison,2019-12-16,11,Thursday,264.0,11.0
CA-2019-114489,2019-12-05,JE-16165,Justin Ellison,2019-12-16,11,Thursday,264.0,11.0
US-2019-150147,2019-04-25,JL-15850,John Lucas,2019-05-07,12,Thursday,288.0,12.0
CA-2019-161816,2019-04-28,NB-18655,Nona Balk,2019-05-07,9,Sunday,216.0,9.0
CA-2019-121223,2019-09-11,GD-14590,Giulietta Dortch,2019-09-19,8,Wednesday,192.0,8.0
CA-2019-105256,2019-05-20,JK-15730,Joe Kamberova,2019-05-24,4,Monday,96.0,4.0
CA-2019-158099,2019-09-03,PK-18910,Paul Knutson,2019-09-11,8,Tuesday,192.0,8.0
CA-2019-128727,2019-08-29,MO-17800,Meg O'Connel,2019-09-09,11,Thursday,264.0,11.0
CA-2020-100524,2020-03-31,CM-12115,Chad McGuire,2020-04-07,7,Tuesday,168.0,7.0
CA-2019-133725,2019-05-23,KL-16645,Ken Lonsdale,2019-06-03,11,Thursday,264.0,11.0
CA-2019-100468,2019-11-24,AT-10435,Alyssa Tate,2019-12-09,15,Sunday,360.0,15.0
CA-2020-117870,2020-01-27,JH-15820,John Huston,2020-02-06,10,Monday,240.0,10.0
CA-2020-144589,2020-01-20,TM-21010,Tamara Manning,2020-02-03,14,Monday,336.0,14.0
CA-2020-140949,2020-03-17,DB-13405,Denny Blanton,2020-03-30,13,Tuesday,312.0,13.0
CA-2019-146206,2019-09-10,KT-16480,Kean Thornton,2019-09-23,13,Tuesday,312.0,13.0
CA-2019-124352,2019-10-15,CD-12790,Cynthia Delaney,2019-10-28,13,Tuesday,312.0,13.0
CA-2019-137729,2019-05-05,BF-11005,Barry Franz,2019-05-17,12,Sunday,288.0,12.0
US-2019-144211,2019-08-28,CS-12130,Chad Sievert,2019-09-09,12,Wednesday,288.0,12.0
CA-2019-116974,2019-10-09,MP-17965,Michael Paige,2019-10-21,12,Wednesday,288.0,12.0
CA-2019-153318,2019-10-25,JS-15595,Jill Stevenson,2019-11-04,10,Friday,240.0,10.0
CA-2020-131828,2020-02-11,CS-11845,Cari Sayre,2020-02-18,7,Tuesday,168.0,7.0
US-2019-127971,2019-11-20,DW-13195,David Wiener,2019-12-03,13,Wednesday,312.0,13.0
CA-2019-132731,2019-11-24,GA-14515,George Ashbrook,2019-12-06,12,Sunday,288.0,12.0
US-2020-163195,2020-02-17,LL-16840,Lauren Leatherbury,2020-03-02,14,Monday,336.0,14.0
US-2019-148901,2019-05-14,MK-17905,Michael Kennedy,2019-05-27,13,Tuesday,312.0,13.0
CA-2020-136007,2020-02-23,AC-10615,Ann Chong,2020-03-03,9,Sunday,216.0,9.0
CA-2020-120019,2020-02-16,NG-18355,Nat Gilpin,2020-03-02,15,Sunday,360.0,15.0
CA-2019-165995,2019-08-30,BG-11740,Bruce Geld,2019-09-16,17,Friday,408.0,17.0
CA-2019-143714,2019-05-23,CC-12370,Christopher Conant,2019-06-03,11,Thursday,264.0,11.0
CA-2019-113845,2019-11-20,FA-14230,Frank Atkinson,2019-12-02,12,Wednesday,288.0,12.0
CA-2019-148852,2019-05-26,SV-20785,Stewart Visinsky,2019-06-10,15,Sunday,360.0,15.0
CA-2019-140249,2019-09-27,SW-20455,Shaun Weien,2019-10-08,11,Friday,264.0,11.0
CA-2019-116526,2019-09-01,JA-15970,Joseph Airdo,2019-09-12,11,Sunday,264.0,11.0
CA-2019-109666,2019-04-19,KM-16720,Kunst Miller,2019-05-03,14,Friday,336.0,14.0
CA-2019-105732,2019-09-13,AG-10270,Alejandro Grove,2019-09-25,12,Friday,288.0,12.0
CA-2019-105732,2019-09-13,AG-10270,Alejandro Grove,2019-09-25,12,Friday,288.0,12.0
CA-2020-166184,2020-03-24,HR-14830,Harold Ryan,2020-04-01,8,Tuesday,192.0,8.0
CA-2020-159149,2020-02-17,CR-12820,Cyra Reiten,2020-02-24,7,Monday,168.0,7.0
CA-2019-133816,2019-05-10,CS-12400,Christopher Schild,2019-05-20,10,Friday,240.0,10.0
US-2020-105935,2020-01-26,BD-11500,Bradley Drucker,2020-02-06,11,Sunday,264.0,11.0
CA-2019-142594,2019-12-01,EJ-14155,Eva Jacobs,2019-12-13,12,Sunday,288.0,12.0
CA-2020-114370,2020-03-14,BN-11470,Brad Norvell,2020-03-23,9,Saturday,216.0,9.0
CA-2019-154081,2019-05-22,JE-15610,Jim Epp,2019-06-03,12,Wednesday,288.0,12.0
CA-2019-134110,2019-11-17,BG-11035,Barry Gonzalez,2019-11-25,8,Sunday,192.0,8.0
CA-2019-140935,2019-11-10,AB-10015,Aaron Bergman,2019-11-15,5,Sunday,120.0,5.0
CA-2019-147256,2019-10-17,FC-14245,Frank Carlisle,2019-10-28,11,Thursday,264.0,11.0
CA-2019-139934,2019-12-18,AY-10555,Andy Yotov,2019-12-23,5,Wednesday,120.0,5.0
CA-2019-139409,2019-09-05,FW-14395,Fred Wasserman,2019-09-16,11,Thursday,264.0,11.0
CA-2019-127761,2019-11-10,SW-20275,Scott Williamson,2019-11-22,12,Sunday,288.0,12.0
CA-2019-100510,2019-05-12,HM-14860,Harry Marie,2019-05-28,16,Sunday,384.0,16.0
CA-2019-108210,2019-05-30,AT-10735,Annie Thurman,2019-06-03,4,Thursday,96.0,4.0
CA-2020-113278,2020-01-14,HR-14770,Hallie Redmond,2020-01-27,13,Tuesday,312.0,13.0
CA-2020-127432,2020-01-22,AD-10180,Alan Dominguez,2020-02-03,12,Wednesday,288.0,12.0
CA-2019-153682,2019-05-30,BG-11695,Brooke Gillingham,2019-06-06,7,Thursday,168.0,7.0
CA-2019-143714,2019-05-23,CC-12370,Christopher Conant,2019-06-03,11,Thursday,264.0,11.0
CA-2019-157791,2019-12-23,CA-11965,Carol Adams,2020-01-06,14,Monday,336.0,14.0
CA-2019-118689,2019-10-02,TC-20980,Tamara Chand,2019-10-14,12,Wednesday,288.0,12.0
US-2019-140158,2019-10-04,DR-12940,Daniel Raglin,2019-10-11,7,Friday,168.0,7.0
CA-2019-166429,2019-09-02,TG-21310,Toby Gnade,2019-09-17,15,Monday,360.0,15.0
CA-2019-129630,2019-09-04,IM-15055,Ionia McGrath,2019-09-09,5,Wednesday,120.0,5.0
CA-2019-109176,2019-05-09,JW-16075,Julia West,2019-05-22,13,Thursday,312.0,13.0
CA-2019-133123,2019-09-06,KB-16315,Karl Braun,2019-09-16,10,Friday,240.0,10.0
CA-2019-156503,2019-10-14,NC-18415,Nathan Cano,2019-10-28,14,Monday,336.0,14.0
CA-2020-113474,2020-03-30,TM-21490,Tony Molinari,2020-04-07,8,Monday,192.0,8.0
CA-2019-101651,2019-12-24,SC-20305,Sean Christensen,2020-01-06,13,Tuesday,312.0,13.0
CA-2019-124583,2019-09-01,LB-16795,Laurel Beltran,2019-09-11,10,Sunday,240.0,10.0
CA-2020-104885,2020-03-02,DB-13555,Dorothy Badders,2020-03-16,14,Monday,336.0,14.0
CA-2020-166184,2020-03-24,HR-14830,Harold Ryan,2020-04-01,8,Tuesday,192.0,8.0
CA-2019-106278,2019-09-02,BM-11140,Becky Martin,2019-09-10,8,Monday,192.0,8.0
CA-2019-126270,2019-04-23,AF-10870,Art Ferguson,2019-05-06,13,Tuesday,312.0,13.0
CA-2019-166653,2019-09-22,NP-18685,Nora Pelletier,2019-10-01,9,Sunday,216.0,9.0
CA-2019-130225,2019-09-11,RC-19960,Ryan Crowe,2019-09-23,12,Wednesday,288.0,12.0
CA-2020-127432,2020-01-22,AD-10180,Alan Dominguez,2020-02-03,12,Wednesday,288.0,12.0
CA-2020-127432,2020-01-22,AD-10180,Alan Dominguez,2020-02-03,12,Wednesday,288.0,12.0
CA-2019-164511,2019-11-19,DJ-13630,Doug Jacobs,2019-11-29,10,Tuesday,240.0,10.0
CA-2019-164511,2019-11-19,DJ-13630,Doug Jacobs,2019-11-29,10,Tuesday,240.0,10.0
US-2019-150861,2019-12-03,EG-13900,Emily Grady,2019-12-09,6,Tuesday,144.0,6.0
CA-2020-131954,2020-01-21,DS-13030,Darrin Sayre,2020-02-03,13,Tuesday,312.0,13.0
CA-2019-105494,2019-11-10,PC-18745,Pamela Coakley,2019-11-19,9,Sunday,216.0,9.0
CA-2020-135279,2020-04-09,BS-11800,Bryan Spruell,2020-04-17,8,Thursday,192.0,8.0
CA-2019-122133,2019-05-16,JR-15670,Jim Radford,2019-05-28,12,Thursday,288.0,12.0
US-2019-108455,2019-12-02,MK-18160,Mike Kennedy,2019-12-16,14,Monday,336.0,14.0
CA-2019-139885,2019-12-04,EB-13840,Ellis Ballard,2019-12-16,12,Wednesday,288.0,12.0
CA-2019-112389,2019-10-29,JM-15655,Jim Mitchum,2019-11-11,13,Tuesday,312.0,13.0
CA-2019-109057,2019-04-22,TT-21460,Tonja Turnell,2019-05-07,15,Monday,360.0,15.0
US-2019-118780,2019-09-10,PN-18775,Parhena Norris,2019-09-23,13,Tuesday,312.0,13.0
CA-2019-106530,2019-05-08,CL-12565,Clay Ludtke,2019-05-13,5,Wednesday,120.0,5.0
CA-2019-106530,2019-05-08,CL-12565,Clay Ludtke,2019-05-13,5,Wednesday,120.0,5.0
CA-2019-128531,2019-11-24,NS-18505,Neola Schneider,2019-12-03,9,Sunday,216.0,9.0
CA-2019-169943,2019-05-19,BN-11515,Bradley Nguyen,2019-06-03,15,Sunday,360.0,15.0
CA-2019-145905,2019-09-18,AM-10705,Anne McFarland,2019-09-30,12,Wednesday,288.0,12.0
CA-2020-140949,2020-03-17,DB-13405,Denny Blanton,2020-03-30,13,Tuesday,312.0,13.0
CA-2020-140949,2020-03-17,DB-13405,Denny Blanton,2020-03-30,13,Tuesday,312.0,13.0
CA-2019-137729,2019-05-05,BF-11005,Barry Franz,2019-05-17,12,Sunday,288.0,12.0
CA-2019-115588,2019-11-10,AF-10885,Art Foster,2019-11-18,8,Sunday,192.0,8.0
CA-2019-146836,2019-05-02,CC-12475,Cindy Chapman,2019-05-06,4,Thursday,96.0,4.0
CA-2019-149979,2019-09-23,RA-19915,Russell Applegate,2019-10-07,14,Monday,336.0,14.0
CA-2019-118759,2019-11-14,MB-17305,Maria Bertelson,2019-11-21,7,Thursday,168.0,7.0
CA-2020-116288,2020-03-12,BS-11380,Bill Stewart,2020-03-23,11,Thursday,264.0,11.0
CA-2020-168123,2020-03-05,JD-16060,Julia Dunbar,2020-03-09,4,Thursday,96.0,4.0
CA-2019-158694,2019-11-10,AI-10855,Arianne Irving,2019-11-18,8,Sunday,192.0,8.0
CA-2019-145898,2019-09-26,CM-12445,Chuck Magee,2019-10-01,5,Thursday,120.0,5.0
CA-2019-116561,2019-09-11,EB-14110,Eugene Barchas,2019-09-23,12,Wednesday,288.0,12.0
CA-2019-113096,2019-09-02,SZ-20035,Sam Zeldin,2019-09-11,9,Monday,216.0,9.0
CA-2019-135636,2019-10-08,DB-13615,Doug Bickford,2019-10-21,13,Tuesday,312.0,13.0
CA-2019-161025,2019-12-03,GM-14440,Gary McGarr,2019-12-16,13,Tuesday,312.0,13.0
CA-2020-120019,2020-02-16,NG-18355,Nat Gilpin,2020-03-02,15,Sunday,360.0,15.0
US-2019-105830,2019-12-31,DB-13660,Duane Benoit,2020-01-07,7,Tuesday,168.0,7.0
CA-2019-113845,2019-11-20,FA-14230,Frank Atkinson,2019-12-02,12,Wednesday,288.0,12.0
CA-2019-160535,2019-11-25,BP-11050,Barry Pond,2019-12-09,14,Monday,336.0,14.0
US-2019-152373,2019-09-05,PT-19090,Pete Takahito,2019-09-17,12,Thursday,288.0,12.0
CA-2019-118689,2019-10-02,TC-20980,Tamara Chand,2019-10-14,12,Wednesday,288.0,12.0
CA-2019-109666,2019-04-19,KM-16720,Kunst Miller,2019-05-03,14,Friday,336.0,14.0
CA-2020-145807,2020-02-09,SB-20170,Sarah Bern,2020-02-25,16,Sunday,384.0,16.0
CA-2019-105732,2019-09-13,AG-10270,Alejandro Grove,2019-09-25,12,Friday,288.0,12.0
CA-2019-105732,2019-09-13,AG-10270,Alejandro Grove,2019-09-25,12,Friday,288.0,12.0
CA-2019-101791,2019-05-27,BS-11665,Brian Stugart,2019-06-06,10,Monday,240.0,10.0
US-2019-140158,2019-10-04,DR-12940,Daniel Raglin,2019-10-11,7,Friday,168.0,7.0
CA-2019-113978,2019-09-25,TS-21505,Tony Sayre,2019-10-07,12,Wednesday,288.0,12.0
CA-2019-113978,2019-09-25,TS-21505,Tony Sayre,2019-10-07,12,Wednesday,288.0,12.0
CA-2019-104311,2019-05-02,AS-10090,Adam Shillingsburg,2019-05-13,11,Thursday,264.0,11.0
CA-2019-104311,2019-05-02,AS-10090,Adam Shillingsburg,2019-05-13,11,Thursday,264.0,11.0
CA-2019-116337,2019-11-07,MC-17845,Michael Chen,2019-11-18,11,Thursday,264.0,11.0
CA-2019-156748,2019-11-30,BS-11755,Bruce Stewart,2019-12-06,6,Saturday,144.0,6.0
US-2019-144057,2019-05-09,CV-12805,Cynthia Voltz,2019-05-20,11,Thursday,264.0,11.0
CA-2019-129280,2019-05-03,SM-20905,Susan MacKendrick,2019-05-13,10,Friday,240.0,10.0
CA-2020-113278,2020-01-14,HR-14770,Hallie Redmond,2020-01-27,13,Tuesday,312.0,13.0
CA-2020-113278,2020-01-14,HR-14770,Hallie Redmond,2020-01-27,13,Tuesday,312.0,13.0
CA-2019-106075,2019-09-18,HM-14980,Henry MacAllister,2019-09-30,12,Wednesday,288.0,12.0
CA-2019-114489,2019-12-05,JE-16165,Justin Ellison,2019-12-16,11,Thursday,264.0,11.0
CA-2019-105018,2019-11-28,SK-19990,Sally Knutson,2019-12-09,11,Thursday,264.0,11.0
CA-2019-112697,2019-12-18,AH-10195,Alan Haines,2019-12-27,9,Wednesday,216.0,9.0
CA-2019-162138,2019-04-23,GK-14620,Grace Kelly,2019-05-06,13,Tuesday,312.0,13.0
US-2019-150147,2019-04-25,JL-15850,John Lucas,2019-05-07,12,Thursday,288.0,12.0
US-2019-150147,2019-04-25,JL-15850,John Lucas,2019-05-07,12,Thursday,288.0,12.0
CA-2019-109869,2019-04-22,TN-21040,Tanja Norvell,2019-05-07,15,Monday,360.0,15.0
US-2019-105578,2019-05-30,MY-17380,Maribeth Yedwab,2019-06-10,11,Thursday,264.0,11.0
US-2019-105578,2019-05-30,MY-17380,Maribeth Yedwab,2019-06-10,11,Thursday,264.0,11.0
US-2019-105578,2019-05-30,MY-17380,Maribeth Yedwab,2019-06-10,11,Thursday,264.0,11.0
CA-2019-164511,2019-11-19,DJ-13630,Doug Jacobs,2019-11-29,10,Tuesday,240.0,10.0
CA-2020-131954,2020-01-21,DS-13030,Darrin Sayre,2020-02-03,13,Tuesday,312.0,13.0
CA-2020-131954,2020-01-21,DS-13030,Darrin Sayre,2020-02-03,13,Tuesday,312.0,13.0
CA-2020-131954,2020-01-21,DS-13030,Darrin Sayre,2020-02-03,13,Tuesday,312.0,13.0
CA-2019-161669,2019-11-07,EM-14095,Eudokia Martin,2019-11-18,11,Thursday,264.0,11.0
CA-2019-161669,2019-11-07,EM-14095,Eudokia Martin,2019-11-18,11,Thursday,264.0,11.0
CA-2019-158099,2019-09-03,PK-18910,Paul Knutson,2019-09-11,8,Tuesday,192.0,8.0
CA-2019-105494,2019-11-10,PC-18745,Pamela Coakley,2019-11-19,9,Sunday,216.0,9.0
CA-2019-145499,2019-05-30,RW-19690,Robert Waldorf,2019-06-05,6,Thursday,144.0,6.0
CA-2019-110023,2019-09-09,TS-21610,Troy Staebel,2019-09-16,7,Monday,168.0,7.0
CA-2019-109820,2019-11-20,AG-10390,Allen Goldenen,2019-11-25,5,Wednesday,120.0,5.0
CA-2019-109820,2019-11-20,AG-10390,Allen Goldenen,2019-11-25,5,Wednesday,120.0,5.0
CA-2019-124485,2019-11-24,NC-18340,Nat Carroll,2019-12-02,8,Sunday,192.0,8.0
CA-2019-154788,2019-04-30,JL-15835,John Lee,2019-05-13,13,Tuesday,312.0,13.0
CA-2019-169943,2019-05-19,BN-11515,Bradley Nguyen,2019-06-03,15,Sunday,360.0,15.0
CA-2019-167507,2019-12-22,SA-20830,Sue Ann Reed,2020-01-06,15,Sunday,360.0,15.0
US-2019-150567,2019-05-17,RP-19855,Roy Phan,2019-05-27,10,Friday,240.0,10.0
US-2019-150567,2019-05-17,RP-19855,Roy Phan,2019-05-27,10,Friday,240.0,10.0
US-2019-146570,2019-05-15,SN-20710,Steve Nguyen,2019-05-28,13,Wednesday,312.0,13.0
US-2020-168690,2020-01-07,TS-21085,Thais Sissman,2020-01-20,13,Tuesday,312.0,13.0
CA-2019-125738,2019-10-15,PB-18805,Patrick Bzostek,2019-10-28,13,Tuesday,312.0,13.0
CA-2020-140949,2020-03-17,DB-13405,Denny Blanton,2020-03-30,13,Tuesday,312.0,13.0
CA-2019-126935,2019-05-19,BT-11395,Bill Tyler,2019-06-03,15,Sunday,360.0,15.0
CA-2019-124352,2019-10-15,CD-12790,Cynthia Delaney,2019-10-28,13,Tuesday,312.0,13.0
CA-2019-133123,2019-09-06,KB-16315,Karl Braun,2019-09-16,10,Friday,240.0,10.0
CA-2019-131576,2019-11-22,RD-19585,Rob Dowd,2019-12-02,10,Friday,240.0,10.0
CA-2019-160500,2019-05-05,DM-13015,Darrin Martin,2019-05-14,9,Sunday,216.0,9.0
CA-2019-123617,2019-11-28,AJ-10780,Anthony Jacobs,2019-12-09,11,Thursday,264.0,11.0
CA-2019-102932,2019-09-19,SD-20485,Shirley Daniels,2019-09-30,11,Thursday,264.0,11.0
CA-2020-134845,2020-04-17,SR-20425,Sharelle Roach,2020-04-30,13,Friday,312.0,13.0
CA-2020-134845,2020-04-17,SR-20425,Sharelle Roach,2020-04-30,13,Friday,312.0,13.0
CA-2020-134845,2020-04-17,SR-20425,Sharelle Roach,2020-04-30,13,Friday,312.0,13.0
CA-2019-138933,2019-04-24,JL-15130,Jack Lebron,2019-05-03,9,Wednesday,216.0,9.0
CA-2019-146836,2019-05-02,CC-12475,Cindy Chapman,2019-05-06,4,Thursday,96.0,4.0
CA-2019-100244,2019-09-20,GM-14695,Greg Maxwell,2019-09-30,10,Friday,240.0,10.0
CA-2019-100244,2019-09-20,GM-14695,Greg Maxwell,2019-09-30,10,Friday,240.0,10.0
CA-2019-154536,2019-09-05,JC-15340,Jasper Cacioppo,2019-09-16,11,Thursday,264.0,11.0
CA-2020-125878,2020-02-25,MH-18025,Michelle Huthwaite,2020-03-09,13,Tuesday,312.0,13.0
CA-2019-145303,2019-08-28,TP-21415,Tom Prescott,2019-09-10,13,Wednesday,312.0,13.0
CA-2019-145303,2019-08-28,TP-21415,Tom Prescott,2019-09-10,13,Wednesday,312.0,13.0
CA-2019-140417,2019-09-25,KE-16420,Katrina Edelman,2019-10-07,12,Wednesday,288.0,12.0
CA-2019-108644,2019-09-30,SJ-20215,Sarah Jordon,2019-10-07,7,Monday,168.0,7.0
US-2019-165078,2019-11-05,MA-17995,Michelle Arnett,2019-11-18,13,Tuesday,312.0,13.0
CA-2019-156811,2019-10-27,BP-11095,Bart Pistole,2019-11-11,15,Sunday,360.0,15.0
CA-2019-100041,2019-11-20,BF-10975,Barbara Fisher,2019-12-02,12,Wednesday,288.0,12.0
CA-2019-119935,2019-11-10,KM-16225,Kalyca Meade,2019-11-21,11,Sunday,264.0,11.0
CA-2019-116232,2019-09-22,AC-10450,Amy Cox,2019-10-04,12,Sunday,288.0,12.0
CA-2020-168123,2020-03-05,JD-16060,Julia Dunbar,2020-03-09,4,Thursday,96.0,4.0
CA-2020-168123,2020-03-05,JD-16060,Julia Dunbar,2020-03-09,4,Thursday,96.0,4.0
US-2019-148901,2019-05-14,MK-17905,Michael Kennedy,2019-05-27,13,Tuesday,312.0,13.0
US-2019-148901,2019-05-14,MK-17905,Michael Kennedy,2019-05-27,13,Tuesday,312.0,13.0
US-2019-148901,2019-05-14,MK-17905,Michael Kennedy,2019-05-27,13,Tuesday,312.0,13.0
CA-2019-152408,2019-05-15,TT-21220,Thomas Thornton,2019-05-27,12,Wednesday,288.0,12.0
CA-2019-151372,2019-09-05,JH-15985,Joseph Holt,2019-09-10,5,Thursday,120.0,5.0
CA-2019-141180,2019-05-15,DP-13000,Darren Powers,2019-05-27,12,Wednesday,288.0,12.0
CA-2019-149279,2019-04-24,CL-12700,Craig Leslie,2019-05-06,12,Wednesday,288.0,12.0
CA-2020-155824,2020-03-10,KS-16300,Karen Seio,2020-03-23,13,Tuesday,312.0,13.0
CA-2019-158694,2019-11-10,AI-10855,Arianne Irving,2019-11-18,8,Sunday,192.0,8.0
CA-2019-116561,2019-09-11,EB-14110,Eugene Barchas,2019-09-23,12,Wednesday,288.0,12.0
CA-2019-123120,2019-09-04,CV-12295,Christina VanderZanden,2019-09-16,12,Wednesday,288.0,12.0
CA-2019-138037,2019-09-29,AR-10540,Andy Reiter,2019-10-11,12,Sunday,288.0,12.0
CA-2019-163202,2019-09-27,BM-11650,Brian Moss,2019-10-07,10,Friday,240.0,10.0
CA-2019-121356,2019-11-20,SJ-20500,Shirley Jackson,2019-12-02,12,Wednesday,288.0,12.0
CA-2019-141551,2019-09-24,BP-11230,Benjamin Patterson,2019-10-07,13,Tuesday,312.0,13.0
CA-2020-115070,2020-04-10,MG-18205,Mitch Gastineau,2020-04-21,11,Friday,264.0,11.0
US-2019-115952,2019-10-06,JH-15910,Jonathan Howell,2019-10-10,4,Sunday,96.0,4.0
CA-2019-143714,2019-05-23,CC-12370,Christopher Conant,2019-06-03,11,Thursday,264.0,11.0
CA-2019-168921,2019-10-20,AG-10495,Andrew Gjertsen,2019-10-28,8,Sunday,192.0,8.0
US-2019-155103,2019-12-02,JF-15190,Jamie Frazer,2019-12-16,14,Monday,336.0,14.0
US-2019-155103,2019-12-02,JF-15190,Jamie Frazer,2019-12-16,14,Monday,336.0,14.0
CA-2019-119018,2019-11-04,CW-11905,Carl Weiss,2019-11-18,14,Monday,336.0,14.0
CA-2019-119018,2019-11-04,CW-11905,Carl Weiss,2019-11-18,14,Monday,336.0,14.0
CA-2019-118689,2019-10-02,TC-20980,Tamara Chand,2019-10-14,12,Wednesday,288.0,12.0
CA-2019-118689,2019-10-02,TC-20980,Tamara Chand,2019-10-14,12,Wednesday,288.0,12.0
CA-2019-116526,2019-09-01,JA-15970,Joseph Airdo,2019-09-12,11,Sunday,264.0,11.0
CA-2019-116526,2019-09-01,JA-15970,Joseph Airdo,2019-09-12,11,Sunday,264.0,11.0
CA-2019-116526,2019-09-01,JA-15970,Joseph Airdo,2019-09-12,11,Sunday,264.0,11.0
CA-2019-114209,2019-05-21,AS-10285,Alejandro Savely,2019-06-03,13,Tuesday,312.0,13.0
CA-2019-109666,2019-04-19,KM-16720,Kunst Miller,2019-05-03,14,Friday,336.0,14.0
US-2019-102239,2019-05-05,LW-16990,Lindsay Williams,2019-05-13,8,Sunday,192.0,8.0
CA-2019-116918,2019-10-01,JK-15205,Jamie Kunitz,2019-10-14,13,Tuesday,312.0,13.0
CA-2019-162383,2019-09-05,MD-17350,Maribeth Dona,2019-09-19,14,Thursday,336.0,14.0
CA-2019-162383,2019-09-05,MD-17350,Maribeth Dona,2019-09-19,14,Thursday,336.0,14.0
US-2019-140158,2019-10-04,DR-12940,Daniel Raglin,2019-10-11,7,Friday,168.0,7.0
US-2019-117037,2019-05-17,LW-17215,Luke Weiss,2019-05-27,10,Friday,240.0,10.0
CA-2019-113600,2019-12-15,SH-20395,Shahid Hopkins,2019-12-23,8,Sunday,192.0,8.0
CA-2019-116722,2019-11-11,LP-17080,Liz Pelletier,2019-11-25,14,Monday,336.0,14.0
US-2019-149790,2019-09-26,SC-20380,Shahid Collister,2019-10-08,12,Thursday,288.0,12.0
CA-2019-168557,2019-09-19,FH-14275,Frank Hawley,2019-09-30,11,Thursday,264.0,11.0
US-2019-117387,2019-10-27,PA-19060,Pete Armstrong,2019-11-08,12,Sunday,288.0,12.0
US-2020-148551,2020-01-12,DB-13120,David Bremer,2020-01-22,10,Sunday,240.0,10.0
CA-2019-116911,2019-09-15,JD-16150,Justin Deggeller,2019-09-30,15,Sunday,360.0,15.0
US-2019-144057,2019-05-09,CV-12805,Cynthia Voltz,2019-05-20,11,Thursday,264.0,11.0
US-2019-144057,2019-05-09,CV-12805,Cynthia Voltz,2019-05-20,11,Thursday,264.0,11.0
CA-2019-159023,2019-11-03,NW-18400,Natalie Webber,2019-11-11,8,Sunday,192.0,8.0
CA-2019-126102,2019-09-10,DV-13465,Dianna Vittorini,2019-09-18,8,Tuesday,192.0,8.0
CA-2019-127761,2019-11-10,SW-20275,Scott Williamson,2019-11-22,12,Sunday,288.0,12.0
CA-2020-124114,2020-03-02,RS-19765,Roland Schwarz,2020-03-06,4,Monday,96.0,4.0
CA-2020-111738,2020-01-03,CM-12385,Christopher Martinez,2020-01-10,7,Friday,168.0,7.0
CA-2020-161893,2020-01-23,HP-14815,Harold Pawlan,2020-02-03,11,Thursday,264.0,11.0
CA-2019-126270,2019-04-23,AF-10870,Art Ferguson,2019-05-06,13,Tuesday,312.0,13.0
CA-2019-125920,2019-05-21,SH-19975,Sally Hughsby,2019-06-03,13,Tuesday,312.0,13.0
CA-2019-117583,2019-11-27,CB-12025,Cassandra Brandow,2019-12-09,12,Wednesday,288.0,12.0
CA-2019-106341,2019-10-20,LF-17185,Luke Foster,2019-10-30,10,Sunday,240.0,10.0
CA-2019-113747,2019-05-28,VD-21670,Valerie Dominguez,2019-06-10,13,Tuesday,312.0,13.0
CA-2020-135279,2020-04-09,BS-11800,Bryan Spruell,2020-04-17,8,Thursday,192.0,8.0
CA-2019-109176,2019-05-09,JW-16075,Julia West,2019-05-22,13,Thursday,312.0,13.0
US-2019-132857,2019-12-11,CA-12775,Cynthia Arntzen,2019-12-23,12,Wednesday,288.0,12.0
CA-2019-128531,2019-11-24,NS-18505,Neola Schneider,2019-12-03,9,Sunday,216.0,9.0
US-2019-146570,2019-05-15,SN-20710,Steve Nguyen,2019-05-28,13,Wednesday,312.0,13.0
US-2019-146570,2019-05-15,SN-20710,Steve Nguyen,2019-05-28,13,Wednesday,312.0,13.0
CA-2020-117870,2020-01-27,JH-15820,John Huston,2020-02-06,10,Monday,240.0,10.0
CA-2019-137736,2019-11-10,DC-13285,Debra Catini,2019-11-25,15,Sunday,360.0,15.0
US-2019-129469,2019-09-23,KL-16555,Kelly Lampkin,2019-10-03,10,Monday,240.0,10.0
CA-2020-144589,2020-01-20,TM-21010,Tamara Manning,2020-02-03,14,Monday,336.0,14.0
CA-2020-140949,2020-03-17,DB-13405,Denny Blanton,2020-03-30,13,Tuesday,312.0,13.0
CA-2020-104801,2020-02-13,FH-14350,Fred Harton,2020-02-24,11,Thursday,264.0,11.0
CA-2019-100244,2019-09-20,GM-14695,Greg Maxwell,2019-09-30,10,Friday,240.0,10.0
CA-2019-131289,2019-12-08,SP-20620,Stefania Perrino,2019-12-23,15,Sunday,360.0,15.0
CA-2019-105900,2019-09-17,BS-11590,Brendan Sweed,2019-09-30,13,Tuesday,312.0,13.0
US-2019-165078,2019-11-05,MA-17995,Michelle Arnett,2019-11-18,13,Tuesday,312.0,13.0
US-2019-148901,2019-05-14,MK-17905,Michael Kennedy,2019-05-27,13,Tuesday,312.0,13.0
CA-2019-125815,2019-10-28,DL-13330,Denise Leinenbach,2019-11-08,11,Monday,264.0,11.0
CA-2019-158694,2019-11-10,AI-10855,Arianne Irving,2019-11-18,8,Sunday,192.0,8.0
CA-2019-145898,2019-09-26,CM-12445,Chuck Magee,2019-10-01,5,Thursday,120.0,5.0
CA-2020-129707,2020-04-25,LH-16750,Larry Hughes,2020-05-08,13,Saturday,312.0,13.0
CA-2019-161158,2019-05-09,PS-18970,Paul Stevenson,2019-05-20,11,Thursday,264.0,11.0
CA-2019-149783,2019-09-04,DL-13315,Delfina Latchford,2019-09-16,12,Wednesday,288.0,12.0
CA-2019-101525,2019-05-01,CM-12235,Chris McAfee,2019-05-13,12,Wednesday,288.0,12.0
CA-2019-169887,2019-10-22,MS-17530,MaryBeth Skach,2019-10-28,6,Tuesday,144.0,6.0
CA-2019-118689,2019-10-02,TC-20980,Tamara Chand,2019-10-14,12,Wednesday,288.0,12.0
CA-2019-116526,2019-09-01,JA-15970,Joseph Airdo,2019-09-12,11,Sunday,264.0,11.0
CA-2019-109666,2019-04-19,KM-16720,Kunst Miller,2019-05-03,14,Friday,336.0,14.0
CA-2019-109666,2019-04-19,KM-16720,Kunst Miller,2019-05-03,14,Friday,336.0,14.0
CA-2019-116918,2019-10-01,JK-15205,Jamie Kunitz,2019-10-14,13,Tuesday,312.0,13.0
CA-2019-114748,2019-10-09,MZ-17335,Maria Zettner,2019-10-21,12,Wednesday,288.0,12.0
CA-2020-104885,2020-03-02,DB-13555,Dorothy Badders,2020-03-16,14,Monday,336.0,14.0
CA-2019-148684,2019-12-25,TS-21655,Trudy Schmidt,2020-01-06,12,Wednesday,288.0,12.0
CA-2020-159149,2020-02-17,CR-12820,Cyra Reiten,2020-02-24,7,Monday,168.0,7.0
CA-2019-159765,2019-05-09,TH-21100,Thea Hendricks,2019-05-22,13,Thursday,312.0,13.0
CA-2019-138583,2019-05-24,DP-13390,Dennis Pardue,2019-06-03,10,Friday,240.0,10.0
CA-2019-163951,2019-12-30,CJ-11875,Carl Jackson,2020-01-08,9,Monday,216.0,9.0
CA-2019-163636,2019-12-05,MP-18175,Mike Pelletier,2019-12-16,11,Thursday,264.0,11.0
CA-2019-104689,2019-12-01,FH-14365,Fred Hopkins,2019-12-12,11,Sunday,264.0,11.0
CA-2019-103128,2019-11-11,SC-20845,Sung Chung,2019-11-25,14,Monday,336.0,14.0
CA-2019-160479,2019-09-15,AH-10585,Angele Hood,2019-09-30,15,Sunday,360.0,15.0
CA-2020-111738,2020-01-03,CM-12385,Christopher Martinez,2020-01-10,7,Friday,168.0,7.0
CA-2019-101329,2019-04-22,MM-17920,Michael Moore,2019-05-08,16,Monday,384.0,16.0
CA-2019-101329,2019-04-22,MM-17920,Michael Moore,2019-05-08,16,Monday,384.0,16.0
CA-2019-113390,2019-10-11,EP-13915,Emily Phan,2019-10-21,10,Friday,240.0,10.0
CA-2019-113390,2019-10-11,EP-13915,Emily Phan,2019-10-21,10,Friday,240.0,10.0
CA-2019-117583,2019-11-27,CB-12025,Cassandra Brandow,2019-12-09,12,Wednesday,288.0,12.0
CA-2019-109869,2019-04-22,TN-21040,Tanja Norvell,2019-05-07,15,Monday,360.0,15.0
US-2019-150861,2019-12-03,EG-13900,Emily Grady,2019-12-09,6,Tuesday,144.0,6.0
US-2019-100839,2019-10-13,NC-18625,Noah Childs,2019-10-23,10,Sunday,240.0,10.0
CA-2019-146206,2019-09-10,KT-16480,Kean Thornton,2019-09-23,13,Tuesday,312.0,13.0
CA-2019-160500,2019-05-05,DM-13015,Darrin Martin,2019-05-14,9,Sunday,216.0,9.0
CA-2019-131289,2019-12-08,SP-20620,Stefania Perrino,2019-12-23,15,Sunday,360.0,15.0
CA-2019-126165,2019-05-05,AH-10465,Amy Hunt,2019-05-14,9,Sunday,216.0,9.0
CA-2019-125080,2019-10-21,VW-21775,Victoria Wilson,2019-11-04,14,Monday,336.0,14.0
CA-2019-109827,2019-12-25,LW-16825,Laurel Workman,2020-01-07,13,Wednesday,312.0,13.0
US-2019-102239,2019-05-05,LW-16990,Lindsay Williams,2019-05-13,8,Sunday,192.0,8.0
CA-2019-131296,2019-10-04,MS-17830,Melanie Seite,2019-10-17,13,Friday,312.0,13.0
CA-2019-142594,2019-12-01,EJ-14155,Eva Jacobs,2019-12-13,12,Sunday,288.0,12.0
CA-2019-102092,2019-12-09,PM-18940,Paul MacIntyre,2019-12-16,7,Monday,168.0,7.0
CA-2019-116911,2019-09-15,JD-16150,Justin Deggeller,2019-09-30,15,Sunday,360.0,15.0
CA-2019-152156,2019-11-08,CG-12520,Claire Gute,2019-11-18,10,Friday,240.0,10.0
CA-2020-131954,2020-01-21,DS-13030,Darrin Sayre,2020-02-03,13,Tuesday,312.0,13.0
CA-2019-102981,2019-09-06,MO-17500,Mary O'Rourke,2019-09-16,10,Friday,240.0,10.0
CA-2019-145303,2019-08-28,TP-21415,Tom Prescott,2019-09-10,13,Wednesday,312.0,13.0
CA-2019-143749,2019-12-05,AG-10300,Aleksandra Gannaway,2019-12-13,8,Thursday,192.0,8.0
US-2020-139647,2020-05-11,TS-21370,Todd Sumrall,2020-05-15,4,Monday,96.0,4.0
CA-2019-113845,2019-11-20,FA-14230,Frank Atkinson,2019-12-02,12,Wednesday,288.0,12.0
CA-2019-123337,2019-09-16,KD-16495,Keith Dawkins,2019-09-27,11,Monday,264.0,11.0
CA-2020-104885,2020-03-02,DB-13555,Dorothy Badders,2020-03-16,14,Monday,336.0,14.0
CA-2020-159149,2020-02-17,CR-12820,Cyra Reiten,2020-02-24,7,Monday,168.0,7.0
CA-2019-140935,2019-11-10,AB-10015,Aaron Bergman,2019-11-15,5,Sunday,120.0,5.0
CA-2019-166772,2019-09-20,HJ-14875,Heather Jas,2019-09-30,10,Friday,240.0,10.0
CA-2019-117590,2019-12-08,GH-14485,Gene Hale,2019-12-16,8,Sunday,192.0,8.0
CA-2019-109869,2019-04-22,TN-21040,Tanja Norvell,2019-05-07,15,Monday,360.0,15.0
CA-2019-152632,2019-10-27,JE-15475,Jeremy Ellison,2019-11-11,15,Sunday,360.0,15.0
CA-2020-107503,2020-01-01,GA-14725,Guy Armstrong,2020-01-13,12,Wednesday,288.0,12.0
CA-2019-113061,2019-04-22,EL-13735,Ed Ludwig,2019-05-06,14,Monday,336.0,14.0
CA-2019-142762,2019-05-23,LD-17005,Lisa DeCherney,2019-06-03,11,Thursday,264.0,11.0
CA-2020-100524,2020-03-31,CM-12115,Chad McGuire,2020-04-07,7,Tuesday,168.0,7.0
CA-2020-115994,2020-01-28,BT-11305,Beth Thompson,2020-02-06,9,Tuesday,216.0,9.0
CA-2019-100468,2019-11-24,AT-10435,Alyssa Tate,2019-12-09,15,Sunday,360.0,15.0
CA-2019-164672,2019-05-08,GB-14530,George Bell,2019-05-20,12,Wednesday,288.0,12.0
CA-2019-169943,2019-05-19,BN-11515,Bradley Nguyen,2019-06-03,15,Sunday,360.0,15.0
CA-2019-169943,2019-05-19,BN-11515,Bradley Nguyen,2019-06-03,15,Sunday,360.0,15.0
CA-2019-149461,2019-11-13,AS-10135,Adrian Shami,2019-11-25,12,Wednesday,288.0,12.0
CA-2019-167507,2019-12-22,SA-20830,Sue Ann Reed,2020-01-06,15,Sunday,360.0,15.0
CA-2019-167507,2019-12-22,SA-20830,Sue Ann Reed,2020-01-06,15,Sunday,360.0,15.0
US-2020-158512,2020-01-12,DA-13450,Dianna Arnett,2020-01-27,15,Sunday,360.0,15.0
US-2019-100839,2019-10-13,NC-18625,Noah Childs,2019-10-23,10,Sunday,240.0,10.0
CA-2019-141019,2019-05-14,LH-17155,Logan Haushalter,2019-05-20,6,Tuesday,144.0,6.0
US-2019-129469,2019-09-23,KL-16555,Kelly Lampkin,2019-10-03,10,Monday,240.0,10.0
CA-2019-118052,2019-05-06,BE-11455,Brad Eason,2019-05-15,9,Monday,216.0,9.0
CA-2019-144792,2019-04-30,KD-16615,Ken Dana,2019-05-13,13,Tuesday,312.0,13.0
US-2019-126844,2019-10-08,BW-11110,Bart Watters,2019-10-21,13,Tuesday,312.0,13.0
CA-2020-104801,2020-02-13,FH-14350,Fred Harton,2020-02-24,11,Thursday,264.0,11.0
CA-2019-130799,2019-11-11,BK-11260,Berenike Kampe,2019-11-25,14,Monday,336.0,14.0
CA-2019-160129,2019-11-23,LS-17200,Luke Schmidt,2019-11-29,6,Saturday,144.0,6.0
CA-2019-160129,2019-11-23,LS-17200,Luke Schmidt,2019-11-29,6,Saturday,144.0,6.0
CA-2019-166443,2019-11-04,LH-17020,Lisa Hazard,2019-11-11,7,Monday,168.0,7.0
CA-2019-146682,2019-10-29,KW-16435,Katrina Willman,2019-11-07,9,Tuesday,216.0,9.0
US-2019-127971,2019-11-20,DW-13195,David Wiener,2019-12-03,13,Wednesday,312.0,13.0
US-2019-150035,2019-12-01,CL-11890,Carl Ludwig,2019-12-16,15,Sunday,360.0,15.0
CA-2020-168193,2020-03-06,RM-19750,Roland Murray,2020-03-20,14,Friday,336.0,14.0
CA-2019-120355,2019-09-18,MM-17260,Magdelene Morse,2019-10-01,13,Wednesday,312.0,13.0
CA-2019-119935,2019-11-10,KM-16225,Kalyca Meade,2019-11-21,11,Sunday,264.0,11.0
CA-2019-158435,2019-05-17,AG-10900,Arthur Gainer,2019-05-27,10,Friday,240.0,10.0
US-2019-148901,2019-05-14,MK-17905,Michael Kennedy,2019-05-27,13,Tuesday,312.0,13.0
CA-2019-158694,2019-11-10,AI-10855,Arianne Irving,2019-11-18,8,Sunday,192.0,8.0
CA-2019-123120,2019-09-04,CV-12295,Christina VanderZanden,2019-09-16,12,Wednesday,288.0,12.0
CA-2019-122017,2019-12-29,CD-11920,Carlos Daly,2020-01-10,12,Sunday,288.0,12.0
CA-2020-113208,2020-03-26,ML-18040,Michelle Lonsdale,2020-04-08,13,Thursday,312.0,13.0
CA-2020-115070,2020-04-10,MG-18205,Mitch Gastineau,2020-04-21,11,Friday,264.0,11.0
CA-2019-101168,2019-12-25,SS-20140,Saphhira Shifley,2020-01-07,13,Wednesday,312.0,13.0
CA-2019-165995,2019-08-30,BG-11740,Bruce Geld,2019-09-16,17,Friday,408.0,17.0
CA-2019-103919,2019-10-03,TP-21565,Tracy Poddar,2019-10-14,11,Thursday,264.0,11.0
US-2019-155404,2019-09-22,AS-10630,Ann Steele,2019-10-07,15,Sunday,360.0,15.0
CA-2019-169887,2019-10-22,MS-17530,MaryBeth Skach,2019-10-28,6,Tuesday,144.0,6.0
CA-2019-129847,2019-09-02,TA-21385,Tom Ashbrook,2019-09-10,8,Monday,192.0,8.0
CA-2019-120369,2019-10-28,VB-21745,Victoria Brennan,2019-10-31,3,Monday,72.0,3.0
CA-2019-101651,2019-12-24,SC-20305,Sean Christensen,2020-01-06,13,Tuesday,312.0,13.0
CA-2019-114748,2019-10-09,MZ-17335,Maria Zettner,2019-10-21,12,Wednesday,288.0,12.0
CA-2019-105732,2019-09-13,AG-10270,Alejandro Grove,2019-09-25,12,Friday,288.0,12.0
CA-2019-101791,2019-05-27,BS-11665,Brian Stugart,2019-06-06,10,Monday,240.0,10.0
CA-2019-101791,2019-05-27,BS-11665,Brian Stugart,2019-06-06,10,Monday,240.0,10.0
US-2019-117037,2019-05-17,LW-17215,Luke Weiss,2019-05-27,10,Friday,240.0,10.0
CA-2019-148684,2019-12-25,TS-21655,Trudy Schmidt,2020-01-06,12,Wednesday,288.0,12.0
CA-2019-167605,2019-04-28,RB-19570,Rob Beeghly,2019-05-07,9,Sunday,216.0,9.0
CA-2019-116722,2019-11-11,LP-17080,Liz Pelletier,2019-11-25,14,Monday,336.0,14.0
CA-2019-116337,2019-11-07,MC-17845,Michael Chen,2019-11-18,11,Thursday,264.0,11.0
US-2020-105935,2020-01-26,BD-11500,Bradley Drucker,2020-02-06,11,Sunday,264.0,11.0
CA-2019-142594,2019-12-01,EJ-14155,Eva Jacobs,2019-12-13,12,Sunday,288.0,12.0
CA-2020-126634,2020-03-30,AB-10165,Alan Barnes,2020-04-08,9,Monday,216.0,9.0
CA-2019-157280,2019-11-05,LW-17125,Liz Willingham,2019-11-11,6,Tuesday,144.0,6.0
CA-2019-157280,2019-11-05,LW-17125,Liz Willingham,2019-11-11,6,Tuesday,144.0,6.0
US-2019-152415,2019-09-17,PO-18865,Patrick O'Donnell,2019-09-30,13,Tuesday,312.0,13.0
US-2019-152415,2019-09-17,PO-18865,Patrick O'Donnell,2019-09-30,13,Tuesday,312.0,13.0
CA-2019-100510,2019-05-12,HM-14860,Harry Marie,2019-05-28,16,Sunday,384.0,16.0
CA-2019-126858,2019-11-19,JM-15265,Janet Molinari,2019-12-02,13,Tuesday,312.0,13.0
CA-2019-129280,2019-05-03,SM-20905,Susan MacKendrick,2019-05-13,10,Friday,240.0,10.0
CA-2019-130638,2019-05-16,SC-20095,Sanjit Chand,2019-05-27,11,Thursday,264.0,11.0
CA-2019-137393,2019-05-06,GM-14500,Gene McClure,2019-05-17,11,Monday,264.0,11.0
CA-2020-113278,2020-01-14,HR-14770,Hallie Redmond,2020-01-27,13,Tuesday,312.0,13.0
CA-2019-129630,2019-09-04,IM-15055,Ionia McGrath,2019-09-09,5,Wednesday,120.0,5.0
CA-2019-152156,2019-11-08,CG-12520,Claire Gute,2019-11-18,10,Friday,240.0,10.0
CA-2019-114489,2019-12-05,JE-16165,Justin Ellison,2019-12-16,11,Thursday,264.0,11.0
US-2019-105578,2019-05-30,MY-17380,Maribeth Yedwab,2019-06-10,11,Thursday,264.0,11.0
US-2019-150861,2019-12-03,EG-13900,Emily Grady,2019-12-09,6,Tuesday,144.0,6.0
CA-2019-157245,2019-05-19,LE-16810,Laurel Elliston,2019-06-03,15,Sunday,360.0,15.0
CA-2019-144939,2019-10-03,EB-13870,Emily Burns,2019-10-14,11,Thursday,264.0,11.0
CA-2019-119186,2019-05-26,MS-17710,Maurice Satty,2019-05-31,5,Sunday,120.0,5.0
CA-2019-145905,2019-09-18,AM-10705,Anne McFarland,2019-09-30,12,Wednesday,288.0,12.0
CA-2019-124506,2019-11-11,BB-11545,Brenda Bowman,2019-11-25,14,Monday,336.0,14.0
CA-2020-131828,2020-02-11,CS-11845,Cari Sayre,2020-02-18,7,Tuesday,168.0,7.0
CA-2019-138695,2019-05-28,KC-16675,Kimberly Carter,2019-06-10,13,Tuesday,312.0,13.0
US-2019-127971,2019-11-20,DW-13195,David Wiener,2019-12-03,13,Wednesday,312.0,13.0
CA-2019-149979,2019-09-23,RA-19915,Russell Applegate,2019-10-07,14,Monday,336.0,14.0
CA-2019-156503,2019-10-14,NC-18415,Nathan Cano,2019-10-28,14,Monday,336.0,14.0
CA-2020-141733,2020-05-07,RW-19540,Rick Wilson,2020-05-15,8,Thursday,192.0,8.0
CA-2020-141733,2020-05-07,RW-19540,Rick Wilson,2020-05-15,8,Thursday,192.0,8.0
CA-2020-141733,2020-05-07,RW-19540,Rick Wilson,2020-05-15,8,Thursday,192.0,8.0
US-2019-163881,2019-11-24,SP-20860,Sung Pak,2019-12-06,12,Sunday,288.0,12.0
CA-2019-120355,2019-09-18,MM-17260,Magdelene Morse,2019-10-01,13,Wednesday,312.0,13.0
CA-2019-120873,2019-10-27,BW-11200,Ben Wallace,2019-11-11,15,Sunday,360.0,15.0
CA-2019-118759,2019-11-14,MB-17305,Maria Bertelson,2019-11-21,7,Thursday,168.0,7.0
CA-2019-149279,2019-04-24,CL-12700,Craig Leslie,2019-05-06,12,Wednesday,288.0,12.0
CA-2019-115378,2019-11-18,AJ-10945,Ashley Jarboe,2019-12-02,14,Monday,336.0,14.0
CA-2019-133935,2019-09-18,JW-15220,Jane Waco,2019-09-30,12,Wednesday,288.0,12.0
CA-2019-133935,2019-09-18,JW-15220,Jane Waco,2019-09-30,12,Wednesday,288.0,12.0
CA-2020-123085,2020-03-03,EJ-13720,Ed Jacobs,2020-03-16,13,Tuesday,312.0,13.0
CA-2019-148852,2019-05-26,SV-20785,Stewart Visinsky,2019-06-10,15,Sunday,360.0,15.0
CA-2019-109827,2019-12-25,LW-16825,Laurel Workman,2020-01-07,13,Wednesday,312.0,13.0
CA-2019-162383,2019-09-05,MD-17350,Maribeth Dona,2019-09-19,14,Thursday,336.0,14.0
CA-2020-166184,2020-03-24,HR-14830,Harold Ryan,2020-04-01,8,Tuesday,192.0,8.0
CA-2019-130393,2019-12-01,JM-15865,John Murray,2019-12-09,8,Sunday,192.0,8.0
CA-2019-130393,2019-12-01,JM-15865,John Murray,2019-12-09,8,Sunday,192.0,8.0
CA-2019-116722,2019-11-11,LP-17080,Liz Pelletier,2019-11-25,14,Monday,336.0,14.0
CA-2020-135076,2020-04-13,YS-21880,Yana Sorensen,2020-04-27,14,Monday,336.0,14.0
CA-2019-109400,2019-05-02,NR-18550,Nick Radford,2019-05-13,11,Thursday,264.0,11.0
CA-2019-156748,2019-11-30,BS-11755,Bruce Stewart,2019-12-06,6,Saturday,144.0,6.0
CA-2019-113341,2019-11-25,MH-17455,Mark Hamilton,2019-12-09,14,Monday,336.0,14.0
CA-2019-162159,2019-09-16,CR-12625,Corey Roper,2019-09-23,7,Monday,168.0,7.0
CA-2019-106278,2019-09-02,BM-11140,Becky Martin,2019-09-10,8,Monday,192.0,8.0
CA-2019-143406,2019-09-26,LR-17035,Lisa Ryan,2019-10-07,11,Thursday,264.0,11.0
CA-2019-146913,2019-10-31,SF-20965,Sylvia Foulston,2019-11-11,11,Thursday,264.0,11.0
